{
  "hosting": {
    "source": ".",
    "ignore": ["firebase.json", "**/.*", "**/node_modules/**"],
    "frameworksBackend": { "region": "europe-west1" },
    "rewrites": [
      {
        "source": "/api/holded/projects",
        "function": { "functionId": "holdedProjects", "region": "europe-west1" }
      }
    ]
  },
  "firestore": { "rules": "firestore.rules" },
  "functions": [
    {
      "source": "functions",
      "codebase": "default",
      "ignore": ["node_modules", ".git", "firebase-debug.log", "firebase-debug.*.log", "*.local"],
      "predeploy": ["npm --prefix \"$RESOURCE_DIR\" run build"],
      "endpoints": {
        "holdedProjects": {
          "entryPoint": "holdedProjects",
          "region": "europe-west1",
          "httpsTrigger": {}
        }
      }
    }
  ]
}